anchor_date,split,event_id,hazard_label,event_start,event_end,event_node_index,optical_acquisition_dates,optical_item_ids,thermal_slot_dates,velocity_source_years,snapshot_sha256
2019-03-01,train,shisper_2019_glof,0.0,2019-06-22,2019-06-23,62,2019-01-26T05:51:21.024000+00:00|2019-02-10T05:49:59.024000+00:00,S2A_MSIL2A_20190126T055121_R048_T43SDA_20201008T044253|S2B_MSIL2A_20190210T054959_R048_T43SDA_20201007T153931,2019-02-02|2019-02-10|2019-02-18|2019-02-26,2015|2016|2017|2018,9404f14fe1d249d0d42bb18e0b6a001d88400c2b07f3a454f5d62a84cc398bb0
2019-03-09,train,shisper_2019_glof,0.0,2019-06-22,2019-06-23,62,2019-01-26T05:51:21.024000+00:00|2019-02-10T05:49:59.024000+00:00,S2A_MSIL2A_20190126T055121_R048_T43SDA_20201008T044253|S2B_MSIL2A_20190210T054959_R048_T43SDA_20201007T153931,2019-02-10|2019-02-18|2019-02-26|2019-03-06,2015|2016|2017|2018,5493c7b7ed300c9fa820c4732b5bba6c2b83b47c71a29912fb1fd394f25240ad
2019-03-17,train,shisper_2019_glof,0.0,2019-06-22,2019-06-23,62,2019-02-10T05:49:59.024000+00:00|2019-03-17T05:46:31.024000+00:00,S2B_MSIL2A_20190210T054959_R048_T43SDA_20201007T153931|S2A_MSIL2A_20190317T054631_R048_T43SDA_20201007T073012,2019-02-18|2019-02-26|2019-03-06|2019-03-14,2015|2016|2017|2018,e61553c2c00e108b78bc12c786c5d2f9a7f8a07bccd747c15d1ba0d98c8ab534
2019-03-25,train,shisper_2019_glof,0.0,2019-06-22,2019-06-23,62,2019-02-10T05:49:59.024000+00:00|2019-03-17T05:46:31.024000+00:00|2019-03-22T05:46:39.024000+00:00,S2B_MSIL2A_20190210T054959_R048_T43SDA_20201007T153931|S2A_MSIL2A_20190317T054631_R048_T43SDA_20201007T073012|S2B_MSIL2A_20190322T054639_R048_T43SDA_20201007T092632,2019-02-26|2019-03-06|2019-03-14|2019-03-22,2015|2016|2017|2018,663633aa1981a8bf69fd28da5e7824e54007bcd40fee840da01dc9932d54bb66
2019-04-02,train,shisper_2019_glof,0.0,2019-06-22,2019-06-23,62,2019-03-17T05:46:31.024000+00:00|2019-03-22T05:46:39.024000+00:00|2019-04-01T05:46:39.024000+00:00,S2A_MSIL2A_20190317T054631_R048_T43SDA_20201007T073012|S2B_MSIL2A_20190322T054639_R048_T43SDA_20201007T092632|S2B_MSIL2A_20190401T054639_R048_T43SDA_20201006T210247,2019-03-06|2019-03-14|2019-03-22|2019-03-30,2015|2016|2017|2018,cf6663af47fe29fefea3d756c8f6e6b501f1c0acf44443557fc2a2bf3b9f3cbc
2019-04-10,train,shisper_2019_glof,0.0,2019-06-22,2019-06-23,62,2019-03-17T05:46:31.024000+00:00|2019-03-22T05:46:39.024000+00:00|2019-04-01T05:46:39.024000+00:00|2019-04-06T05:46:41.024000+00:00,S2A_MSIL2A_20190317T054631_R048_T43SDA_20201007T073012|S2B_MSIL2A_20190322T054639_R048_T43SDA_20201007T092632|S2B_MSIL2A_20190401T054639_R048_T43SDA_20201006T210247|S2A_MSIL2A_20190406T054641_R048_T43SDA_20201006T224515,2019-03-14|2019-03-22|2019-03-30|2019-04-07,2015|2016|2017|2018,48912da519b000c132d9ebf6667bdfde3cdd0f877fb39e7e6a98e1fd85256d89
2019-04-18,train,shisper_2019_glof,0.0,2019-06-22,2019-06-23,62,2019-03-17T05:46:31.024000+00:00|2019-03-22T05:46:39.024000+00:00|2019-04-01T05:46:39.024000+00:00|2019-04-06T05:46:41.024000+00:00|2019-04-16T05:46:41.024000+00:00,S2A_MSIL2A_20190317T054631_R048_T43SDA_20201007T073012|S2B_MSIL2A_20190322T054639_R048_T43SDA_20201007T092632|S2B_MSIL2A_20190401T054639_R048_T43SDA_20201006T210247|S2A_MSIL2A_20190406T054641_R048_T43SDA_20201006T224515|S2A_MSIL2A_20190416T054641_R048_T43SDA_20201007T024058,2019-03-22|2019-03-30|2019-04-07|2019-04-15,2015|2016|2017|2018,db372b20e92ac20556772f39677fe7e9c5158df8861f6586aade4d831d86a0a1
2019-04-26,train,shisper_2019_glof,0.0,2019-06-22,2019-06-23,62,2019-03-17T05:46:31.024000+00:00|2019-03-22T05:46:39.024000+00:00|2019-04-01T05:46:39.024000+00:00|2019-04-06T05:46:41.024000+00:00|2019-04-16T05:46:41.024000+00:00|2019-04-21T05:46:49.024000+00:00,S2A_MSIL2A_20190317T054631_R048_T43SDA_20201007T073012|S2B_MSIL2A_20190322T054639_R048_T43SDA_20201007T092632|S2B_MSIL2A_20190401T054639_R048_T43SDA_20201006T210247|S2A_MSIL2A_20190406T054641_R048_T43SDA_20201006T224515|S2A_MSIL2A_20190416T054641_R048_T43SDA_20201007T024058|S2B_MSIL2A_20190421T054649_R048_T43SDA_20201105T140110,2019-03-30|2019-04-07|2019-04-15|2019-04-23,2015|2016|2017|2018,65ed5ca67beb5e52ff6eadeeddb6bfaf54a5d749a4d89c82222af2cc286c886f
2019-05-04,train,shisper_2019_glof,0.0,2019-06-22,2019-06-23,62,2019-03-22T05:46:39.024000+00:00|2019-04-01T05:46:39.024000+00:00|2019-04-06T05:46:41.024000+00:00|2019-04-16T05:46:41.024000+00:00|2019-04-21T05:46:49.024000+00:00|2019-05-01T05:46:49.024000+00:00,S2B_MSIL2A_20190322T054639_R048_T43SDA_20201007T092632|S2B_MSIL2A_20190401T054639_R048_T43SDA_20201006T210247|S2A_MSIL2A_20190406T054641_R048_T43SDA_20201006T224515|S2A_MSIL2A_20190416T054641_R048_T43SDA_20201007T024058|S2B_MSIL2A_20190421T054649_R048_T43SDA_20201105T140110|S2B_MSIL2A_20190501T054649_R048_T43SDA_20201006T084603,2019-04-07|2019-04-15|2019-04-23|2019-05-01,2015|2016|2017|2018,fbce1a3b920d7159b3d122552ecd14bcf5e12842e1aa04fd6ab5ece57e14b59e
2019-05-12,train,shisper_2019_glof,0.0,2019-06-22,2019-06-23,62,2019-04-01T05:46:39.024000+00:00|2019-04-06T05:46:41.024000+00:00|2019-04-16T05:46:41.024000+00:00|2019-04-21T05:46:49.024000+00:00|2019-05-01T05:46:49.024000+00:00|2019-05-06T05:46:41.024000+00:00|2019-05-11T05:46:49.024000+00:00,S2B_MSIL2A_20190401T054639_R048_T43SDA_20201006T210247|S2A_MSIL2A_20190406T054641_R048_T43SDA_20201006T224515|S2A_MSIL2A_20190416T054641_R048_T43SDA_20201007T024058|S2B_MSIL2A_20190421T054649_R048_T43SDA_20201105T140110|S2B_MSIL2A_20190501T054649_R048_T43SDA_20201006T084603|S2A_MSIL2A_20190506T054641_R048_T43SDA_20201006T103647|S2B_MSIL2A_20190511T054649_R048_T43SDA_20201006T125436,2019-04-15|2019-04-23|2019-05-01|2019-05-09,2015|2016|2017|2018,721e12072934664a6009987dcabd7307c74d748934b077219513fd2327aad79d
2019-05-20,train,shisper_2019_glof,0.0,2019-06-22,2019-06-23,62,2019-04-06T05:46:41.024000+00:00|2019-04-16T05:46:41.024000+00:00|2019-04-21T05:46:49.024000+00:00|2019-05-01T05:46:49.024000+00:00|2019-05-06T05:46:41.024000+00:00|2019-05-11T05:46:49.024000+00:00,S2A_MSIL2A_20190406T054641_R048_T43SDA_20201006T224515|S2A_MSIL2A_20190416T054641_R048_T43SDA_20201007T024058|S2B_MSIL2A_20190421T054649_R048_T43SDA_20201105T140110|S2B_MSIL2A_20190501T054649_R048_T43SDA_20201006T084603|S2A_MSIL2A_20190506T054641_R048_T43SDA_20201006T103647|S2B_MSIL2A_20190511T054649_R048_T43SDA_20201006T125436,2019-04-23|2019-05-01|2019-05-09|2019-05-17,2015|2016|2017|2018,de9c403cef27891bb5f5250ab7fe72d81f08b61d520460b5d4bc7702ad670d62
2019-05-28,train,shisper_2019_glof,1.0,2019-06-22,2019-06-23,62,2019-04-16T05:46:41.024000+00:00|2019-04-21T05:46:49.024000+00:00|2019-05-01T05:46:49.024000+00:00|2019-05-06T05:46:41.024000+00:00|2019-05-11T05:46:49.024000+00:00|2019-05-26T05:46:41.024000+00:00,S2A_MSIL2A_20190416T054641_R048_T43SDA_20201007T024058|S2B_MSIL2A_20190421T054649_R048_T43SDA_20201105T140110|S2B_MSIL2A_20190501T054649_R048_T43SDA_20201006T084603|S2A_MSIL2A_20190506T054641_R048_T43SDA_20201006T103647|S2B_MSIL2A_20190511T054649_R048_T43SDA_20201006T125436|S2A_MSIL2A_20190526T054641_R048_T43SDA_20201006T182833,2019-05-01|2019-05-09|2019-05-17|2019-05-25,2015|2016|2017|2018,a30496ec465fb5896810373cb7b1ec8ce05b5a00268548304a3c61e3c6726198
2019-06-05,train,shisper_2019_glof,1.0,2019-06-22,2019-06-23,62,2019-04-21T05:46:49.024000+00:00|2019-05-01T05:46:49.024000+00:00|2019-05-06T05:46:41.024000+00:00|2019-05-11T05:46:49.024000+00:00|2019-05-26T05:46:41.024000+00:00|2019-05-31T05:46:49.024000+00:00,S2B_MSIL2A_20190421T054649_R048_T43SDA_20201105T140110|S2B_MSIL2A_20190501T054649_R048_T43SDA_20201006T084603|S2A_MSIL2A_20190506T054641_R048_T43SDA_20201006T103647|S2B_MSIL2A_20190511T054649_R048_T43SDA_20201006T125436|S2A_MSIL2A_20190526T054641_R048_T43SDA_20201006T182833|S2B_MSIL2A_20190531T054649_R048_T43SDA_20201006T203905,2019-05-09|2019-05-17|2019-05-25|2019-06-02,2015|2016|2017|2018,e469d377ced4ee8bb691b8a1aa51eabd49134d87ec1290716f1bb3d6462924e8
2019-06-13,train,shisper_2019_glof,1.0,2019-06-22,2019-06-23,62,2019-05-01T05:46:49.024000+00:00|2019-05-06T05:46:41.024000+00:00|2019-05-11T05:46:49.024000+00:00|2019-05-26T05:46:41.024000+00:00|2019-05-31T05:46:49.024000+00:00|2019-06-10T05:46:49.024000+00:00,S2B_MSIL2A_20190501T054649_R048_T43SDA_20201006T084603|S2A_MSIL2A_20190506T054641_R048_T43SDA_20201006T103647|S2B_MSIL2A_20190511T054649_R048_T43SDA_20201006T125436|S2A_MSIL2A_20190526T054641_R048_T43SDA_20201006T182833|S2B_MSIL2A_20190531T054649_R048_T43SDA_20201006T203905|S2B_MSIL2A_20190610T054649_R048_T43SDA_20201006T003236,2019-05-17|2019-05-25|2019-06-02|2019-06-10,2015|2016|2017|2018,482df8da603bec7d4bbec8c982eab0f5cb0744e9372f7e642ba0ce8b87c0d0b4
2019-06-21,train,shisper_2019_glof,1.0,2019-06-22,2019-06-23,62,2019-05-06T05:46:41.024000+00:00|2019-05-11T05:46:49.024000+00:00|2019-05-26T05:46:41.024000+00:00|2019-05-31T05:46:49.024000+00:00|2019-06-10T05:46:49.024000+00:00|2019-06-15T05:46:41.024000+00:00|2019-06-20T05:46:49.024000+00:00,S2A_MSIL2A_20190506T054641_R048_T43SDA_20201006T103647|S2B_MSIL2A_20190511T054649_R048_T43SDA_20201006T125436|S2A_MSIL2A_20190526T054641_R048_T43SDA_20201006T182833|S2B_MSIL2A_20190531T054649_R048_T43SDA_20201006T203905|S2B_MSIL2A_20190610T054649_R048_T43SDA_20201006T003236|S2A_MSIL2A_20190615T054641_R048_T43SDA_20201006T022307|S2B_MSIL2A_20190620T054649_R048_T43SDA_20201006T043819,2019-05-25|2019-06-02|2019-06-10|2019-06-18,2015|2016|2017|2018,649ae19bb373cdda923b747e949131af24d8d7d83914a95e28d5294d01a31f12
2020-03-01,train,shisper_2020_glof,0.0,2020-05-29,2020-05-29,62,2020-01-16T05:51:59.024000+00:00|2020-01-26T05:51:19.024000+00:00|2020-01-31T05:50:51.024000+00:00|2020-02-05T05:50:29.024000+00:00|2020-02-10T05:49:51.024000+00:00|2020-02-15T05:49:29.024000+00:00|2020-02-20T05:48:51.024000+00:00|2020-02-25T05:48:19.024000+00:00|2020-03-01T05:47:41.024000+00:00,S2B_MSIL2A_20200116T055159_R048_T43SDA_20201002T192913|S2B_MSIL2A_20200126T055119_R048_T43SDA_20201002T114229|S2A_MSIL2A_20200131T055051_R048_T43SDA_20201002T160401|S2B_MSIL2A_20200205T055029_R048_T43SDA_20200930T231919|S2A_MSIL2A_20200210T054951_R048_T43SDA_20201001T135808|S2B_MSIL2A_20200215T054929_R048_T43SDA_20201002T020446|S2A_MSIL2A_20200220T054851_R048_T43SDA_20200930T030905|S2B_MSIL2A_20200225T054819_R048_T43SDA_20200928T083303|S2A_MSIL2A_20200301T054741_R048_T43SDA_20200925T231225,2020-02-02|2020-02-10|2020-02-18|2020-02-26,2016|2017|2018|2019,2afdef76bd67a5dc924c586f241fdc2b53c59c6bfca287d83f7f9474b016a00b
2020-03-09,train,shisper_2020_glof,0.0,2020-05-29,2020-05-29,62,2020-01-26T05:51:19.024000+00:00|2020-01-31T05:50:51.024000+00:00|2020-02-05T05:50:29.024000+00:00|2020-02-10T05:49:51.024000+00:00|2020-02-15T05:49:29.024000+00:00|2020-02-20T05:48:51.024000+00:00|2020-02-25T05:48:19.024000+00:00|2020-03-01T05:47:41.024000+00:00,S2B_MSIL2A_20200126T055119_R048_T43SDA_20201002T114229|S2A_MSIL2A_20200131T055051_R048_T43SDA_20201002T160401|S2B_MSIL2A_20200205T055029_R048_T43SDA_20200930T231919|S2A_MSIL2A_20200210T054951_R048_T43SDA_20201001T135808|S2B_MSIL2A_20200215T054929_R048_T43SDA_20201002T020446|S2A_MSIL2A_20200220T054851_R048_T43SDA_20200930T030905|S2B_MSIL2A_20200225T054819_R048_T43SDA_20200928T083303|S2A_MSIL2A_20200301T054741_R048_T43SDA_20200925T231225,2020-02-10|2020-02-18|2020-02-26|2020-03-05,2016|2017|2018|2019,5da9b14ec7754248df376753c76aeeefa648785ba4442144cd909a1cce8d49f8
2020-03-17,train,shisper_2020_glof,0.0,2020-05-29,2020-05-29,62,2020-01-31T05:50:51.024000+00:00|2020-02-05T05:50:29.024000+00:00|2020-02-10T05:49:51.024000+00:00|2020-02-15T05:49:29.024000+00:00|2020-02-20T05:48:51.024000+00:00|2020-02-25T05:48:19.024000+00:00|2020-03-01T05:47:41.024000+00:00|2020-03-11T05:46:31.024000+00:00|2020-03-16T05:46:39.024000+00:00,S2A_MSIL2A_20200131T055051_R048_T43SDA_20201002T160401|S2B_MSIL2A_20200205T055029_R048_T43SDA_20200930T231919|S2A_MSIL2A_20200210T054951_R048_T43SDA_20201001T135808|S2B_MSIL2A_20200215T054929_R048_T43SDA_20201002T020446|S2A_MSIL2A_20200220T054851_R048_T43SDA_20200930T030905|S2B_MSIL2A_20200225T054819_R048_T43SDA_20200928T083303|S2A_MSIL2A_20200301T054741_R048_T43SDA_20200925T231225|S2A_MSIL2A_20200311T054631_R048_T43SDA_20201005T165917|S2B_MSIL2A_20200316T054639_R048_T43SDA_20201010T095529,2020-02-18|2020-02-26|2020-03-05|2020-03-13,2016|2017|2018|2019,7109ccb1dc3c434ee039f8947e37d6fe13a09ecc7ead73433a691ceeaeb378d9
2020-03-25,train,shisper_2020_glof,0.0,2020-05-29,2020-05-29,62,2020-02-10T05:49:51.024000+00:00|2020-02-15T05:49:29.024000+00:00|2020-02-20T05:48:51.024000+00:00|2020-02-25T05:48:19.024000+00:00|2020-03-01T05:47:41.024000+00:00|2020-03-11T05:46:31.024000+00:00|2020-03-16T05:46:39.024000+00:00,S2A_MSIL2A_20200210T054951_R048_T43SDA_20201001T135808|S2B_MSIL2A_20200215T054929_R048_T43SDA_20201002T020446|S2A_MSIL2A_20200220T054851_R048_T43SDA_20200930T030905|S2B_MSIL2A_20200225T054819_R048_T43SDA_20200928T083303|S2A_MSIL2A_20200301T054741_R048_T43SDA_20200925T231225|S2A_MSIL2A_20200311T054631_R048_T43SDA_20201005T165917|S2B_MSIL2A_20200316T054639_R048_T43SDA_20201010T095529,2020-02-26|2020-03-05|2020-03-13|2020-03-21,2016|2017|2018|2019,1c93cfe34f0f56926ea02150e232de7a9588568fc6ea66cdfd136d74bf976fe0
2020-04-02,train,shisper_2020_glof,0.0,2020-05-29,2020-05-29,62,2020-02-15T05:49:29.024000+00:00|2020-02-20T05:48:51.024000+00:00|2020-02-25T05:48:19.024000+00:00|2020-03-01T05:47:41.024000+00:00|2020-03-11T05:46:31.024000+00:00|2020-03-16T05:46:39.024000+00:00,S2B_MSIL2A_20200215T054929_R048_T43SDA_20201002T020446|S2A_MSIL2A_20200220T054851_R048_T43SDA_20200930T030905|S2B_MSIL2A_20200225T054819_R048_T43SDA_20200928T083303|S2A_MSIL2A_20200301T054741_R048_T43SDA_20200925T231225|S2A_MSIL2A_20200311T054631_R048_T43SDA_20201005T165917|S2B_MSIL2A_20200316T054639_R048_T43SDA_20201010T095529,2020-03-05|2020-03-13|2020-03-21|2020-03-29,2016|2017|2018|2019,9c471f893c3a0049d12bb08e861b455c65e0f17df99b82702b3f54dade0fcace
2020-04-10,train,shisper_2020_glof,0.0,2020-05-29,2020-05-29,62,2020-02-25T05:48:19.024000+00:00|2020-03-01T05:47:41.024000+00:00|2020-03-11T05:46:31.024000+00:00|2020-03-16T05:46:39.024000+00:00|2020-04-05T05:46:39.024000+00:00|2020-04-10T05:46:41.024000+00:00,S2B_MSIL2A_20200225T054819_R048_T43SDA_20200928T083303|S2A_MSIL2A_20200301T054741_R048_T43SDA_20200925T231225|S2A_MSIL2A_20200311T054631_R048_T43SDA_20201005T165917|S2B_MSIL2A_20200316T054639_R048_T43SDA_20201010T095529|S2B_MSIL2A_20200405T054639_R048_T43SDA_20200925T032635|S2A_MSIL2A_20200410T054641_R048_T43SDA_20200925T180854,2020-03-13|2020-03-21|2020-03-29|2020-04-06,2016|2017|2018|2019,06f1a94b179286bd7554f4b5d5c8a9e4a69aa952f58f1923fd4f20c37f55ee1c
2020-04-18,train,shisper_2020_glof,0.0,2020-05-29,2020-05-29,62,2020-03-11T05:46:31.024000+00:00|2020-03-16T05:46:39.024000+00:00|2020-04-05T05:46:39.024000+00:00|2020-04-10T05:46:41.024000+00:00,S2A_MSIL2A_20200311T054631_R048_T43SDA_20201005T165917|S2B_MSIL2A_20200316T054639_R048_T43SDA_20201010T095529|S2B_MSIL2A_20200405T054639_R048_T43SDA_20200925T032635|S2A_MSIL2A_20200410T054641_R048_T43SDA_20200925T180854,2020-03-21|2020-03-29|2020-04-06|2020-04-14,2016|2017|2018|2019,c6567b2c42ea3e1b46caa9774cf039ec3a89ce8958169f4053ab5cb9c2b9df8e
2020-04-26,train,shisper_2020_glof,0.0,2020-05-29,2020-05-29,62,2020-03-11T05:46:31.024000+00:00|2020-03-16T05:46:39.024000+00:00|2020-04-05T05:46:39.024000+00:00|2020-04-10T05:46:41.024000+00:00|2020-04-20T05:46:41.024000+00:00|2020-04-25T05:46:29.024000+00:00,S2A_MSIL2A_20200311T054631_R048_T43SDA_20201005T165917|S2B_MSIL2A_20200316T054639_R048_T43SDA_20201010T095529|S2B_MSIL2A_20200405T054639_R048_T43SDA_20200925T032635|S2A_MSIL2A_20200410T054641_R048_T43SDA_20200925T180854|S2A_MSIL2A_20200420T054641_R048_T43SDA_20200924T062924|S2B_MSIL2A_20200425T054629_R048_T43SDA_20200922T015612,2020-03-29|2020-04-06|2020-04-14|2020-04-22,2016|2017|2018|2019,300902fc1c06a38521cacf292ef978f164483f38071b571863712e8e59bfe725
2020-05-04,train,shisper_2020_glof,1.0,2020-05-29,2020-05-29,62,2020-04-05T05:46:39.024000+00:00|2020-04-10T05:46:41.024000+00:00|2020-04-20T05:46:41.024000+00:00|2020-04-25T05:46:29.024000+00:00|2020-04-30T05:46:41.024000+00:00,S2B_MSIL2A_20200405T054639_R048_T43SDA_20200925T032635|S2A_MSIL2A_20200410T054641_R048_T43SDA_20200925T180854|S2A_MSIL2A_20200420T054641_R048_T43SDA_20200924T062924|S2B_MSIL2A_20200425T054629_R048_T43SDA_20200922T015612|S2A_MSIL2A_20200430T054641_R048_T43SDA_20200922T163039,2020-04-06|2020-04-14|2020-04-22|2020-04-30,2016|2017|2018|2019,70ad064af5cde676d4623c318b17ec4245f033ae26c4b79131dd8e5b3b3df64a
2020-05-12,train,shisper_2020_glof,1.0,2020-05-29,2020-05-29,62,2020-04-05T05:46:39.024000+00:00|2020-04-10T05:46:41.024000+00:00|2020-04-20T05:46:41.024000+00:00|2020-04-25T05:46:29.024000+00:00|2020-04-30T05:46:41.024000+00:00|2020-05-10T05:46:41.024000+00:00,S2B_MSIL2A_20200405T054639_R048_T43SDA_20200925T032635|S2A_MSIL2A_20200410T054641_R048_T43SDA_20200925T180854|S2A_MSIL2A_20200420T054641_R048_T43SDA_20200924T062924|S2B_MSIL2A_20200425T054629_R048_T43SDA_20200922T015612|S2A_MSIL2A_20200430T054641_R048_T43SDA_20200922T163039|S2A_MSIL2A_20200510T054641_R048_T43SDA_20200919T205959,2020-04-14|2020-04-22|2020-04-30|2020-05-08,2016|2017|2018|2019,1513278f9e84c898bc5958e6129bd7757afc263c5d7ddd6f46717d92a12628da
2020-05-20,train,shisper_2020_glof,1.0,2020-05-29,2020-05-29,62,2020-04-05T05:46:39.024000+00:00|2020-04-10T05:46:41.024000+00:00|2020-04-20T05:46:41.024000+00:00|2020-04-25T05:46:29.024000+00:00|2020-04-30T05:46:41.024000+00:00|2020-05-10T05:46:41.024000+00:00|2020-05-15T05:46:39.024000+00:00|2020-05-20T05:46:41.024000+00:00,S2B_MSIL2A_20200405T054639_R048_T43SDA_20200925T032635|S2A_MSIL2A_20200410T054641_R048_T43SDA_20200925T180854|S2A_MSIL2A_20200420T054641_R048_T43SDA_20200924T062924|S2B_MSIL2A_20200425T054629_R048_T43SDA_20200922T015612|S2A_MSIL2A_20200430T054641_R048_T43SDA_20200922T163039|S2A_MSIL2A_20200510T054641_R048_T43SDA_20200919T205959|S2B_MSIL2A_20200515T054639_R048_T43SDA_20200918T080507|S2A_MSIL2A_20200520T054641_R048_T43SDA_20200910T072143,2020-04-22|2020-04-30|2020-05-08|2020-05-16,2016|2017|2018|2019,da6cf7fd3195c57bcd95cc8cbc11eab47822bbe385596c0bc78d2e2ceccfd06a
2020-05-28,train,shisper_2020_glof,1.0,2020-05-29,2020-05-29,62,2020-04-20T05:46:41.024000+00:00|2020-04-25T05:46:29.024000+00:00|2020-04-30T05:46:41.024000+00:00|2020-05-10T05:46:41.024000+00:00|2020-05-15T05:46:39.024000+00:00|2020-05-20T05:46:41.024000+00:00|2020-05-25T05:46:39.024000+00:00,S2A_MSIL2A_20200420T054641_R048_T43SDA_20200924T062924|S2B_MSIL2A_20200425T054629_R048_T43SDA_20200922T015612|S2A_MSIL2A_20200430T054641_R048_T43SDA_20200922T163039|S2A_MSIL2A_20200510T054641_R048_T43SDA_20200919T205959|S2B_MSIL2A_20200515T054639_R048_T43SDA_20200918T080507|S2A_MSIL2A_20200520T054641_R048_T43SDA_20200910T072143|S2B_MSIL2A_20200525T054639_R048_T43SDA_20200910T230140,2020-04-30|2020-05-08|2020-05-16|2020-05-24,2016|2017|2018|2019,d4fddd3d036d3b08966a336a6a34f2836353aa1b1ece550bfd1fd56e57345c3d
2021-03-01,validation,shisper_2021_glof,0.0,2021-05-10,2021-05-20,62,2021-01-15T05:52:01.024000+00:00|2021-01-20T05:51:49.024000+00:00|2021-01-25T05:51:21.024000+00:00|2021-01-30T05:50:59.024000+00:00|2021-02-04T05:50:31.024000+00:00|2021-02-14T05:49:31.024000+00:00|2021-02-19T05:48:59.024000+00:00|2021-03-01T05:47:49.024000+00:00,S2A_MSIL2A_20210115T055201_R048_T43SDA_20210115T162930|S2B_MSIL2A_20210120T055149_R048_T43SDA_20210120T162048|S2A_MSIL2A_20210125T055121_R048_T43SDA_20210125T153247|S2B_MSIL2A_20210130T055059_R048_T43SDA_20210130T164222|S2A_MSIL2A_20210204T055031_R048_T43SDA_20210204T180722|S2A_MSIL2A_20210214T054931_R048_T43SDA_20210215T170423|S2B_MSIL2A_20210219T054859_R048_T43SDA_20210219T190022|S2B_MSIL2A_20210301T054749_R048_T43SDA_20210301T184506,2021-02-02|2021-02-10|2021-02-18|2021-02-26,2017|2018|2019|2020,1e13c16b97ff15d59730a1e131944485e9875a2c53697b90953b5aa4a9f6354a
2021-03-09,validation,shisper_2021_glof,0.0,2021-05-10,2021-05-20,62,2021-01-25T05:51:21.024000+00:00|2021-01-30T05:50:59.024000+00:00|2021-02-04T05:50:31.024000+00:00|2021-02-14T05:49:31.024000+00:00|2021-02-19T05:48:59.024000+00:00|2021-03-01T05:47:49.024000+00:00,S2A_MSIL2A_20210125T055121_R048_T43SDA_20210125T153247|S2B_MSIL2A_20210130T055059_R048_T43SDA_20210130T164222|S2A_MSIL2A_20210204T055031_R048_T43SDA_20210204T180722|S2A_MSIL2A_20210214T054931_R048_T43SDA_20210215T170423|S2B_MSIL2A_20210219T054859_R048_T43SDA_20210219T190022|S2B_MSIL2A_20210301T054749_R048_T43SDA_20210301T184506,2021-02-10|2021-02-18|2021-02-26|2021-03-06,2017|2018|2019|2020,d3e50ea113926c8aef648f05d9bf8d024420414bb962aa80440acfc6065d13ce
2021-03-17,validation,shisper_2021_glof,0.0,2021-05-10,2021-05-20,62,2021-01-30T05:50:59.024000+00:00|2021-02-04T05:50:31.024000+00:00|2021-02-14T05:49:31.024000+00:00|2021-02-19T05:48:59.024000+00:00|2021-03-01T05:47:49.024000+00:00,S2B_MSIL2A_20210130T055059_R048_T43SDA_20210130T164222|S2A_MSIL2A_20210204T055031_R048_T43SDA_20210204T180722|S2A_MSIL2A_20210214T054931_R048_T43SDA_20210215T170423|S2B_MSIL2A_20210219T054859_R048_T43SDA_20210219T190022|S2B_MSIL2A_20210301T054749_R048_T43SDA_20210301T184506,2021-02-18|2021-02-26|2021-03-06|2021-03-14,2017|2018|2019|2020,83e620189f847831a06fefe08d1b9156c52f1622114d6bf1b83b4624a747feb0
2021-03-25,validation,shisper_2021_glof,0.0,2021-05-10,2021-05-20,62,2021-02-14T05:49:31.024000+00:00|2021-02-19T05:48:59.024000+00:00|2021-03-01T05:47:49.024000+00:00,S2A_MSIL2A_20210214T054931_R048_T43SDA_20210215T170423|S2B_MSIL2A_20210219T054859_R048_T43SDA_20210219T190022|S2B_MSIL2A_20210301T054749_R048_T43SDA_20210301T184506,2021-02-26|2021-03-06|2021-03-14|2021-03-22,2017|2018|2019|2020,b6da8d6f223106557280aa064d732d31500ae6d829749ba93a19d557627711c6
2021-04-02,validation,shisper_2021_glof,0.0,2021-05-10,2021-05-20,62,2021-02-14T05:49:31.024000+00:00|2021-02-19T05:48:59.024000+00:00|2021-03-01T05:47:49.024000+00:00|2021-03-31T05:46:39.024000+00:00,S2A_MSIL2A_20210214T054931_R048_T43SDA_20210215T170423|S2B_MSIL2A_20210219T054859_R048_T43SDA_20210219T190022|S2B_MSIL2A_20210301T054749_R048_T43SDA_20210301T184506|S2B_MSIL2A_20210331T054639_R048_T43SDA_20210331T143729,2021-03-06|2021-03-14|2021-03-22|2021-03-30,2017|2018|2019|2020,233e4b8ae525a87cf8f83f666e81888306bf60d2162f26384c8f1d0abc8ee75c
2021-04-26,validation,shisper_2021_glof,1.0,2021-05-10,2021-05-20,62,2021-03-31T05:46:39.024000+00:00|2021-04-10T05:46:39.024000+00:00|2021-04-20T05:46:29.024000+00:00|2021-04-25T05:46:31.024000+00:00,S2B_MSIL2A_20210331T054639_R048_T43SDA_20210331T143729|S2B_MSIL2A_20210410T054639_R048_T43SDA_20210411T094858|S2B_MSIL2A_20210420T054629_R048_T43SDA_20210421T165950|S2A_MSIL2A_20210425T054631_R048_T43SDA_20210426T042859,2021-03-30|2021-04-07|2021-04-15|2021-04-23,2017|2018|2019|2020,1b515fc56e7532c9cd87114657801666f68b61ffa0faaa419583fd6be0534f3f
2021-05-04,validation,shisper_2021_glof,1.0,2021-05-10,2021-05-20,62,2021-03-31T05:46:39.024000+00:00|2021-04-10T05:46:39.024000+00:00|2021-04-20T05:46:29.024000+00:00|2021-04-25T05:46:31.024000+00:00|2021-04-30T05:46:39.024000+00:00,S2B_MSIL2A_20210331T054639_R048_T43SDA_20210331T143729|S2B_MSIL2A_20210410T054639_R048_T43SDA_20210411T094858|S2B_MSIL2A_20210420T054629_R048_T43SDA_20210421T165950|S2A_MSIL2A_20210425T054631_R048_T43SDA_20210426T042859|S2B_MSIL2A_20210430T054639_R048_T43SDA_20210430T204313,2021-04-07|2021-04-15|2021-04-23|2021-05-01,2017|2018|2019|2020,669f72abacc681ba4b29c9b51f45bfc0ae3a2b3d5740c68150569e1561515f2e
2022-03-01,test,shisper_2022_glof,0.0,2022-05-07,2022-05-07,62,2022-01-15T05:51:59.024000+00:00|2022-01-20T05:51:51.024000+00:00|2022-01-30T05:51:01.024000+00:00|2022-02-04T05:50:29.024000+00:00|2022-02-09T05:50:01.024000+00:00|2022-02-14T05:49:29.024000+00:00|2022-02-19T05:49:01.024000+00:00|2022-02-24T05:48:19.024000+00:00,S2B_MSIL2A_20220115T055159_R048_T43SDA_20220115T174730|S2A_MSIL2A_20220120T055151_R048_T43SDA_20220120T212855|S2A_MSIL2A_20220130T055101_R048_T43SDA_20220214T112555|S2B_MSIL2A_20220204T055029_R048_T43SDA_20240521T201814|S2A_MSIL2A_20220209T055001_R048_T43SDA_20220220T184933|S2B_MSIL2A_20220214T054929_R048_T43SDA_20220223T011616|S2A_MSIL2A_20220219T054901_R048_T43SDA_20220225T075256|S2B_MSIL2A_20220224T054819_R048_T43SDA_20240515T233430,2022-02-02|2022-02-10|2022-02-18|2022-02-26,2018|2019|2020|2021,2865ac65e50d6e106a179c36911e039472e82d08499057a9d2a3d31e02812e2b
2022-03-09,test,shisper_2022_glof,0.0,2022-05-07,2022-05-07,62,2022-01-30T05:51:01.024000+00:00|2022-02-04T05:50:29.024000+00:00|2022-02-09T05:50:01.024000+00:00|2022-02-14T05:49:29.024000+00:00|2022-02-19T05:49:01.024000+00:00|2022-02-24T05:48:19.024000+00:00,S2A_MSIL2A_20220130T055101_R048_T43SDA_20220214T112555|S2B_MSIL2A_20220204T055029_R048_T43SDA_20240521T201814|S2A_MSIL2A_20220209T055001_R048_T43SDA_20220220T184933|S2B_MSIL2A_20220214T054929_R048_T43SDA_20220223T011616|S2A_MSIL2A_20220219T054901_R048_T43SDA_20220225T075256|S2B_MSIL2A_20220224T054819_R048_T43SDA_20240515T233430,2022-02-10|2022-02-18|2022-02-26|2022-03-06,2018|2019|2020|2021,c441199a65c3a39b61d7c6d8387763b62f7046c881c3a9e453480fc5f89cb027
2022-03-17,test,shisper_2022_glof,0.0,2022-05-07,2022-05-07,62,2022-01-30T05:51:01.024000+00:00|2022-02-04T05:50:29.024000+00:00|2022-02-09T05:50:01.024000+00:00|2022-02-14T05:49:29.024000+00:00|2022-02-19T05:49:01.024000+00:00|2022-02-24T05:48:19.024000+00:00|2022-03-11T05:46:41.024000+00:00|2022-03-16T05:46:39.024000+00:00,S2A_MSIL2A_20220130T055101_R048_T43SDA_20220214T112555|S2B_MSIL2A_20220204T055029_R048_T43SDA_20240521T201814|S2A_MSIL2A_20220209T055001_R048_T43SDA_20220220T184933|S2B_MSIL2A_20220214T054929_R048_T43SDA_20220223T011616|S2A_MSIL2A_20220219T054901_R048_T43SDA_20220225T075256|S2B_MSIL2A_20220224T054819_R048_T43SDA_20240515T233430|S2A_MSIL2A_20220311T054641_R048_T43SDA_20220312T030037|S2B_MSIL2A_20220316T054639_R048_T43SDA_20240524T004919,2022-02-18|2022-02-26|2022-03-06|2022-03-14,2018|2019|2020|2021,68019ccfb3b79ecb116510ba83a5899a2dee47d1d08b6db98e90b2643b4d985a
2022-03-25,test,shisper_2022_glof,0.0,2022-05-07,2022-05-07,62,2022-02-09T05:50:01.024000+00:00|2022-02-14T05:49:29.024000+00:00|2022-02-19T05:49:01.024000+00:00|2022-02-24T05:48:19.024000+00:00|2022-03-11T05:46:41.024000+00:00|2022-03-16T05:46:39.024000+00:00|2022-03-21T05:46:41.024000+00:00,S2A_MSIL2A_20220209T055001_R048_T43SDA_20220220T184933|S2B_MSIL2A_20220214T054929_R048_T43SDA_20220223T011616|S2A_MSIL2A_20220219T054901_R048_T43SDA_20220225T075256|S2B_MSIL2A_20220224T054819_R048_T43SDA_20240515T233430|S2A_MSIL2A_20220311T054641_R048_T43SDA_20220312T030037|S2B_MSIL2A_20220316T054639_R048_T43SDA_20240524T004919|S2A_MSIL2A_20220321T054641_R048_T43SDA_20240522T053656,2022-02-26|2022-03-06|2022-03-14|2022-03-22,2018|2019|2020|2021,e2a8fb06f1ed3a39e78f9dde878af61ecacc7b5e1c022b2cbc38154a7e5f0c07
2022-04-02,test,shisper_2022_glof,0.0,2022-05-07,2022-05-07,62,2022-02-14T05:49:29.024000+00:00|2022-02-19T05:49:01.024000+00:00|2022-02-24T05:48:19.024000+00:00|2022-03-11T05:46:41.024000+00:00|2022-03-16T05:46:39.024000+00:00|2022-03-21T05:46:41.024000+00:00|2022-03-26T05:46:39.024000+00:00|2022-03-31T05:46:41.024000+00:00,S2B_MSIL2A_20220214T054929_R048_T43SDA_20220223T011616|S2A_MSIL2A_20220219T054901_R048_T43SDA_20220225T075256|S2B_MSIL2A_20220224T054819_R048_T43SDA_20240515T233430|S2A_MSIL2A_20220311T054641_R048_T43SDA_20220312T030037|S2B_MSIL2A_20220316T054639_R048_T43SDA_20240524T004919|S2A_MSIL2A_20220321T054641_R048_T43SDA_20240522T053656|S2B_MSIL2A_20220326T054639_R048_T43SDA_20220326T141901|S2A_MSIL2A_20220331T054641_R048_T43SDA_20240522T143246,2022-03-06|2022-03-14|2022-03-22|2022-03-30,2018|2019|2020|2021,0703b1ae65623672295896a9cc19248c82ecb29f0d5a1e914d49f1826b8e82e3
2022-04-10,test,shisper_2022_glof,1.0,2022-05-07,2022-05-07,62,2022-02-24T05:48:19.024000+00:00|2022-03-11T05:46:41.024000+00:00|2022-03-16T05:46:39.024000+00:00|2022-03-21T05:46:41.024000+00:00|2022-03-26T05:46:39.024000+00:00|2022-03-31T05:46:41.024000+00:00|2022-04-05T05:46:39.024000+00:00|2022-04-10T05:46:41.024000+00:00,S2B_MSIL2A_20220224T054819_R048_T43SDA_20240515T233430|S2A_MSIL2A_20220311T054641_R048_T43SDA_20220312T030037|S2B_MSIL2A_20220316T054639_R048_T43SDA_20240524T004919|S2A_MSIL2A_20220321T054641_R048_T43SDA_20240522T053656|S2B_MSIL2A_20220326T054639_R048_T43SDA_20220326T141901|S2A_MSIL2A_20220331T054641_R048_T43SDA_20240522T143246|S2B_MSIL2A_20220405T054639_R048_T43SDA_20240525T044220|S2A_MSIL2A_20220410T054641_R048_T43SDA_20220411T033725,2022-03-14|2022-03-22|2022-03-30|2022-04-07,2018|2019|2020|2021,8d497050cc976bd0d126634d84f25ae659d2a4739a1c67f8ee3735571fcca08b
2022-04-18,test,shisper_2022_glof,1.0,2022-05-07,2022-05-07,62,2022-03-11T05:46:41.024000+00:00|2022-03-16T05:46:39.024000+00:00|2022-03-21T05:46:41.024000+00:00|2022-03-26T05:46:39.024000+00:00|2022-03-31T05:46:41.024000+00:00|2022-04-05T05:46:39.024000+00:00|2022-04-10T05:46:41.024000+00:00|2022-04-15T05:46:39.024000+00:00,S2A_MSIL2A_20220311T054641_R048_T43SDA_20220312T030037|S2B_MSIL2A_20220316T054639_R048_T43SDA_20240524T004919|S2A_MSIL2A_20220321T054641_R048_T43SDA_20240522T053656|S2B_MSIL2A_20220326T054639_R048_T43SDA_20220326T141901|S2A_MSIL2A_20220331T054641_R048_T43SDA_20240522T143246|S2B_MSIL2A_20220405T054639_R048_T43SDA_20240525T044220|S2A_MSIL2A_20220410T054641_R048_T43SDA_20220411T033725|S2B_MSIL2A_20220415T054639_R048_T43SDA_20240607T063402,2022-03-22|2022-03-30|2022-04-07|2022-04-15,2018|2019|2020|2021,f513078dfd3463c4985784160906508bd6adc16284fe7582ad4654d45c853411
2022-04-26,test,shisper_2022_glof,1.0,2022-05-07,2022-05-07,62,2022-03-11T05:46:41.024000+00:00|2022-03-16T05:46:39.024000+00:00|2022-03-21T05:46:41.024000+00:00|2022-03-26T05:46:39.024000+00:00|2022-03-31T05:46:41.024000+00:00|2022-04-05T05:46:39.024000+00:00|2022-04-10T05:46:41.024000+00:00|2022-04-15T05:46:39.024000+00:00|2022-04-20T05:46:41.024000+00:00,S2A_MSIL2A_20220311T054641_R048_T43SDA_20220312T030037|S2B_MSIL2A_20220316T054639_R048_T43SDA_20240524T004919|S2A_MSIL2A_20220321T054641_R048_T43SDA_20240522T053656|S2B_MSIL2A_20220326T054639_R048_T43SDA_20220326T141901|S2A_MSIL2A_20220331T054641_R048_T43SDA_20240522T143246|S2B_MSIL2A_20220405T054639_R048_T43SDA_20240525T044220|S2A_MSIL2A_20220410T054641_R048_T43SDA_20220411T033725|S2B_MSIL2A_20220415T054639_R048_T43SDA_20240607T063402|S2A_MSIL2A_20220420T054641_R048_T43SDA_20220420T160634,2022-03-30|2022-04-07|2022-04-15|2022-04-23,2018|2019|2020|2021,624992a546cf5e852cbcea79e50d1fa9e84cda85e378be6ba5ffad7a0ced4f79
2022-05-04,test,shisper_2022_glof,1.0,2022-05-07,2022-05-07,62,2022-03-21T05:46:41.024000+00:00|2022-03-26T05:46:39.024000+00:00|2022-03-31T05:46:41.024000+00:00|2022-04-05T05:46:39.024000+00:00|2022-04-10T05:46:41.024000+00:00|2022-04-15T05:46:39.024000+00:00|2022-04-20T05:46:41.024000+00:00|2022-04-30T05:46:41.024000+00:00,S2A_MSIL2A_20220321T054641_R048_T43SDA_20240522T053656|S2B_MSIL2A_20220326T054639_R048_T43SDA_20220326T141901|S2A_MSIL2A_20220331T054641_R048_T43SDA_20240522T143246|S2B_MSIL2A_20220405T054639_R048_T43SDA_20240525T044220|S2A_MSIL2A_20220410T054641_R048_T43SDA_20220411T033725|S2B_MSIL2A_20220415T054639_R048_T43SDA_20240607T063402|S2A_MSIL2A_20220420T054641_R048_T43SDA_20220420T160634|S2A_MSIL2A_20220430T054641_R048_T43SDA_20220520T055053,2022-04-07|2022-04-15|2022-04-23|2022-05-01,2018|2019|2020|2021,cf6efb7c0c2e85c63f729026647feec900ad1aa69be40a1cce7a321c37a56b60
