model,model_label,seed,anchor_date,days_to_event_start,label,probability,selected_threshold,alert,source_file
cnn,CNN,7,2022-03-01,67,0,0.005218505859375,0.5,0,/mnt/data/_points/causal30_v1/seed_7/cnn/predictions_test.npz
cnn,CNN,7,2022-03-09,59,0,0.00537109375,0.5,0,/mnt/data/_points/causal30_v1/seed_7/cnn/predictions_test.npz
cnn,CNN,7,2022-03-17,51,0,0.0078125,0.5,0,/mnt/data/_points/causal30_v1/seed_7/cnn/predictions_test.npz
cnn,CNN,7,2022-03-25,43,0,0.09521484375,0.5,0,/mnt/data/_points/causal30_v1/seed_7/cnn/predictions_test.npz
cnn,CNN,7,2022-04-02,35,0,0.9609375,0.5,1,/mnt/data/_points/causal30_v1/seed_7/cnn/predictions_test.npz
cnn,CNN,7,2022-04-10,27,1,0.96875,0.5,1,/mnt/data/_points/causal30_v1/seed_7/cnn/predictions_test.npz
cnn,CNN,7,2022-04-18,19,1,0.96875,0.5,1,/mnt/data/_points/causal30_v1/seed_7/cnn/predictions_test.npz
cnn,CNN,7,2022-04-26,11,1,0.96875,0.5,1,/mnt/data/_points/causal30_v1/seed_7/cnn/predictions_test.npz
cnn,CNN,7,2022-05-04,3,1,0.96875,0.5,1,/mnt/data/_points/causal30_v1/seed_7/cnn/predictions_test.npz
cnn,CNN,21,2022-03-01,67,0,0.007354736328125,0.697265625,0,/mnt/data/_points/causal30_v1/seed_21/cnn/predictions_test.npz
cnn,CNN,21,2022-03-09,59,0,0.007354736328125,0.697265625,0,/mnt/data/_points/causal30_v1/seed_21/cnn/predictions_test.npz
cnn,CNN,21,2022-03-17,51,0,0.007568359375,0.697265625,0,/mnt/data/_points/causal30_v1/seed_21/cnn/predictions_test.npz
cnn,CNN,21,2022-03-25,43,0,0.010009765625,0.697265625,0,/mnt/data/_points/causal30_v1/seed_21/cnn/predictions_test.npz
cnn,CNN,21,2022-04-02,35,0,0.86328125,0.697265625,1,/mnt/data/_points/causal30_v1/seed_21/cnn/predictions_test.npz
cnn,CNN,21,2022-04-10,27,1,0.890625,0.697265625,1,/mnt/data/_points/causal30_v1/seed_21/cnn/predictions_test.npz
cnn,CNN,21,2022-04-18,19,1,0.890625,0.697265625,1,/mnt/data/_points/causal30_v1/seed_21/cnn/predictions_test.npz
cnn,CNN,21,2022-04-26,11,1,0.890625,0.697265625,1,/mnt/data/_points/causal30_v1/seed_21/cnn/predictions_test.npz
cnn,CNN,21,2022-05-04,3,1,0.890625,0.697265625,1,/mnt/data/_points/causal30_v1/seed_21/cnn/predictions_test.npz
cnn,CNN,42,2022-03-01,67,0,0.01495361328125,0.30078125,0,/mnt/data/_points/causal30_v1/seed_42/cnn/predictions_test.npz
cnn,CNN,42,2022-03-09,59,0,0.01495361328125,0.30078125,0,/mnt/data/_points/causal30_v1/seed_42/cnn/predictions_test.npz
cnn,CNN,42,2022-03-17,51,0,0.03173828125,0.30078125,0,/mnt/data/_points/causal30_v1/seed_42/cnn/predictions_test.npz
cnn,CNN,42,2022-03-25,43,0,0.1923828125,0.30078125,0,/mnt/data/_points/causal30_v1/seed_42/cnn/predictions_test.npz
cnn,CNN,42,2022-04-02,35,0,0.890625,0.30078125,1,/mnt/data/_points/causal30_v1/seed_42/cnn/predictions_test.npz
cnn,CNN,42,2022-04-10,27,1,0.91015625,0.30078125,1,/mnt/data/_points/causal30_v1/seed_42/cnn/predictions_test.npz
cnn,CNN,42,2022-04-18,19,1,0.91015625,0.30078125,1,/mnt/data/_points/causal30_v1/seed_42/cnn/predictions_test.npz
cnn,CNN,42,2022-04-26,11,1,0.91015625,0.30078125,1,/mnt/data/_points/causal30_v1/seed_42/cnn/predictions_test.npz
cnn,CNN,42,2022-05-04,3,1,0.91015625,0.30078125,1,/mnt/data/_points/causal30_v1/seed_42/cnn/predictions_test.npz
cnn,CNN,84,2022-03-01,67,0,0.255859375,0.2451171875,1,/mnt/data/_points/causal30_v1/seed_84/cnn/predictions_test.npz
cnn,CNN,84,2022-03-09,59,0,0.263671875,0.2451171875,1,/mnt/data/_points/causal30_v1/seed_84/cnn/predictions_test.npz
cnn,CNN,84,2022-03-17,51,0,0.361328125,0.2451171875,1,/mnt/data/_points/causal30_v1/seed_84/cnn/predictions_test.npz
cnn,CNN,84,2022-03-25,43,0,0.453125,0.2451171875,1,/mnt/data/_points/causal30_v1/seed_84/cnn/predictions_test.npz
cnn,CNN,84,2022-04-02,35,0,0.56640625,0.2451171875,1,/mnt/data/_points/causal30_v1/seed_84/cnn/predictions_test.npz
cnn,CNN,84,2022-04-10,27,1,0.59765625,0.2451171875,1,/mnt/data/_points/causal30_v1/seed_84/cnn/predictions_test.npz
cnn,CNN,84,2022-04-18,19,1,0.59375,0.2451171875,1,/mnt/data/_points/causal30_v1/seed_84/cnn/predictions_test.npz
cnn,CNN,84,2022-04-26,11,1,0.59375,0.2451171875,1,/mnt/data/_points/causal30_v1/seed_84/cnn/predictions_test.npz
cnn,CNN,84,2022-05-04,3,1,0.59765625,0.2451171875,1,/mnt/data/_points/causal30_v1/seed_84/cnn/predictions_test.npz
cnn,CNN,123,2022-03-01,67,0,0.00860595703125,0.1826171875,0,/mnt/data/_points/causal30_v1/seed_123/cnn/predictions_test.npz
cnn,CNN,123,2022-03-09,59,0,0.00885009765625,0.1826171875,0,/mnt/data/_points/causal30_v1/seed_123/cnn/predictions_test.npz
cnn,CNN,123,2022-03-17,51,0,0.0113525390625,0.1826171875,0,/mnt/data/_points/causal30_v1/seed_123/cnn/predictions_test.npz
cnn,CNN,123,2022-03-25,43,0,0.11572265625,0.1826171875,0,/mnt/data/_points/causal30_v1/seed_123/cnn/predictions_test.npz
cnn,CNN,123,2022-04-02,35,0,0.96875,0.1826171875,1,/mnt/data/_points/causal30_v1/seed_123/cnn/predictions_test.npz
cnn,CNN,123,2022-04-10,27,1,0.97265625,0.1826171875,1,/mnt/data/_points/causal30_v1/seed_123/cnn/predictions_test.npz
cnn,CNN,123,2022-04-18,19,1,0.97265625,0.1826171875,1,/mnt/data/_points/causal30_v1/seed_123/cnn/predictions_test.npz
cnn,CNN,123,2022-04-26,11,1,0.97265625,0.1826171875,1,/mnt/data/_points/causal30_v1/seed_123/cnn/predictions_test.npz
cnn,CNN,123,2022-05-04,3,1,0.97265625,0.1826171875,1,/mnt/data/_points/causal30_v1/seed_123/cnn/predictions_test.npz
pi_gnn,PI-GNN,7,2022-03-01,67,0,0.99609375,0.5,1,/mnt/data/_points/causal30_v1/seed_7/pi_gnn/predictions_test.npz
pi_gnn,PI-GNN,7,2022-03-09,59,0,0.99609375,0.5,1,/mnt/data/_points/causal30_v1/seed_7/pi_gnn/predictions_test.npz
pi_gnn,PI-GNN,7,2022-03-17,51,0,0.99609375,0.5,1,/mnt/data/_points/causal30_v1/seed_7/pi_gnn/predictions_test.npz
pi_gnn,PI-GNN,7,2022-03-25,43,0,0.99609375,0.5,1,/mnt/data/_points/causal30_v1/seed_7/pi_gnn/predictions_test.npz
pi_gnn,PI-GNN,7,2022-04-02,35,0,1.0,0.5,1,/mnt/data/_points/causal30_v1/seed_7/pi_gnn/predictions_test.npz
pi_gnn,PI-GNN,7,2022-04-10,27,1,1.0,0.5,1,/mnt/data/_points/causal30_v1/seed_7/pi_gnn/predictions_test.npz
pi_gnn,PI-GNN,7,2022-04-18,19,1,1.0,0.5,1,/mnt/data/_points/causal30_v1/seed_7/pi_gnn/predictions_test.npz
pi_gnn,PI-GNN,7,2022-04-26,11,1,1.0,0.5,1,/mnt/data/_points/causal30_v1/seed_7/pi_gnn/predictions_test.npz
pi_gnn,PI-GNN,7,2022-05-04,3,1,1.0,0.5,1,/mnt/data/_points/causal30_v1/seed_7/pi_gnn/predictions_test.npz
pi_gnn,PI-GNN,21,2022-03-01,67,0,0.004913330078125,0.103515625,0,/mnt/data/_points/causal30_v1/seed_21/pi_gnn/predictions_test.npz
pi_gnn,PI-GNN,21,2022-03-09,59,0,0.004913330078125,0.103515625,0,/mnt/data/_points/causal30_v1/seed_21/pi_gnn/predictions_test.npz
pi_gnn,PI-GNN,21,2022-03-17,51,0,0.0047607421875,0.103515625,0,/mnt/data/_points/causal30_v1/seed_21/pi_gnn/predictions_test.npz
pi_gnn,PI-GNN,21,2022-03-25,43,0,0.005218505859375,0.103515625,0,/mnt/data/_points/causal30_v1/seed_21/pi_gnn/predictions_test.npz
pi_gnn,PI-GNN,21,2022-04-02,35,0,0.056640625,0.103515625,0,/mnt/data/_points/causal30_v1/seed_21/pi_gnn/predictions_test.npz
pi_gnn,PI-GNN,21,2022-04-10,27,1,0.119140625,0.103515625,1,/mnt/data/_points/causal30_v1/seed_21/pi_gnn/predictions_test.npz
pi_gnn,PI-GNN,21,2022-04-18,19,1,0.119140625,0.103515625,1,/mnt/data/_points/causal30_v1/seed_21/pi_gnn/predictions_test.npz
pi_gnn,PI-GNN,21,2022-04-26,11,1,0.119140625,0.103515625,1,/mnt/data/_points/causal30_v1/seed_21/pi_gnn/predictions_test.npz
pi_gnn,PI-GNN,21,2022-05-04,3,1,0.119140625,0.103515625,1,/mnt/data/_points/causal30_v1/seed_21/pi_gnn/predictions_test.npz
pi_gnn,PI-GNN,42,2022-03-01,67,0,0.00016880035400390625,0.5,0,/mnt/data/_points/causal30_v1/seed_42/pi_gnn/predictions_test.npz
pi_gnn,PI-GNN,42,2022-03-09,59,0,0.00016880035400390625,0.5,0,/mnt/data/_points/causal30_v1/seed_42/pi_gnn/predictions_test.npz
pi_gnn,PI-GNN,42,2022-03-17,51,0,0.00016880035400390625,0.5,0,/mnt/data/_points/causal30_v1/seed_42/pi_gnn/predictions_test.npz
pi_gnn,PI-GNN,42,2022-03-25,43,0,0.0001583099365234375,0.5,0,/mnt/data/_points/causal30_v1/seed_42/pi_gnn/predictions_test.npz
pi_gnn,PI-GNN,42,2022-04-02,35,0,0.875,0.5,1,/mnt/data/_points/causal30_v1/seed_42/pi_gnn/predictions_test.npz
pi_gnn,PI-GNN,42,2022-04-10,27,1,1.0,0.5,1,/mnt/data/_points/causal30_v1/seed_42/pi_gnn/predictions_test.npz
pi_gnn,PI-GNN,42,2022-04-18,19,1,1.0,0.5,1,/mnt/data/_points/causal30_v1/seed_42/pi_gnn/predictions_test.npz
pi_gnn,PI-GNN,42,2022-04-26,11,1,1.0,0.5,1,/mnt/data/_points/causal30_v1/seed_42/pi_gnn/predictions_test.npz
pi_gnn,PI-GNN,42,2022-05-04,3,1,1.0,0.5,1,/mnt/data/_points/causal30_v1/seed_42/pi_gnn/predictions_test.npz
pi_gnn,PI-GNN,84,2022-03-01,67,0,0.99609375,0.5,1,/mnt/data/_points/causal30_v1/seed_84/pi_gnn/predictions_test.npz
pi_gnn,PI-GNN,84,2022-03-09,59,0,0.99609375,0.5,1,/mnt/data/_points/causal30_v1/seed_84/pi_gnn/predictions_test.npz
pi_gnn,PI-GNN,84,2022-03-17,51,0,1.0,0.5,1,/mnt/data/_points/causal30_v1/seed_84/pi_gnn/predictions_test.npz
pi_gnn,PI-GNN,84,2022-03-25,43,0,1.0,0.5,1,/mnt/data/_points/causal30_v1/seed_84/pi_gnn/predictions_test.npz
pi_gnn,PI-GNN,84,2022-04-02,35,0,1.0,0.5,1,/mnt/data/_points/causal30_v1/seed_84/pi_gnn/predictions_test.npz
pi_gnn,PI-GNN,84,2022-04-10,27,1,1.0,0.5,1,/mnt/data/_points/causal30_v1/seed_84/pi_gnn/predictions_test.npz
pi_gnn,PI-GNN,84,2022-04-18,19,1,1.0,0.5,1,/mnt/data/_points/causal30_v1/seed_84/pi_gnn/predictions_test.npz
pi_gnn,PI-GNN,84,2022-04-26,11,1,1.0,0.5,1,/mnt/data/_points/causal30_v1/seed_84/pi_gnn/predictions_test.npz
pi_gnn,PI-GNN,84,2022-05-04,3,1,1.0,0.5,1,/mnt/data/_points/causal30_v1/seed_84/pi_gnn/predictions_test.npz
pi_gnn,PI-GNN,123,2022-03-01,67,0,0.9296875,0.5,1,/mnt/data/_points/causal30_v1/seed_123/pi_gnn/predictions_test.npz
pi_gnn,PI-GNN,123,2022-03-09,59,0,0.9375,0.5,1,/mnt/data/_points/causal30_v1/seed_123/pi_gnn/predictions_test.npz
pi_gnn,PI-GNN,123,2022-03-17,51,0,0.9921875,0.5,1,/mnt/data/_points/causal30_v1/seed_123/pi_gnn/predictions_test.npz
pi_gnn,PI-GNN,123,2022-03-25,43,0,0.99609375,0.5,1,/mnt/data/_points/causal30_v1/seed_123/pi_gnn/predictions_test.npz
pi_gnn,PI-GNN,123,2022-04-02,35,0,1.0,0.5,1,/mnt/data/_points/causal30_v1/seed_123/pi_gnn/predictions_test.npz
pi_gnn,PI-GNN,123,2022-04-10,27,1,1.0,0.5,1,/mnt/data/_points/causal30_v1/seed_123/pi_gnn/predictions_test.npz
pi_gnn,PI-GNN,123,2022-04-18,19,1,1.0,0.5,1,/mnt/data/_points/causal30_v1/seed_123/pi_gnn/predictions_test.npz
pi_gnn,PI-GNN,123,2022-04-26,11,1,1.0,0.5,1,/mnt/data/_points/causal30_v1/seed_123/pi_gnn/predictions_test.npz
pi_gnn,PI-GNN,123,2022-05-04,3,1,1.0,0.5,1,/mnt/data/_points/causal30_v1/seed_123/pi_gnn/predictions_test.npz
plain_gnn,Plain-GNN,7,2022-03-01,67,0,0.007568359375,0.03955078125,0,/mnt/data/_points/causal30_v1/seed_7/plain_gnn/predictions_test.npz
plain_gnn,Plain-GNN,7,2022-03-09,59,0,0.007568359375,0.03955078125,0,/mnt/data/_points/causal30_v1/seed_7/plain_gnn/predictions_test.npz
plain_gnn,Plain-GNN,7,2022-03-17,51,0,0.01068115234375,0.03955078125,0,/mnt/data/_points/causal30_v1/seed_7/plain_gnn/predictions_test.npz
plain_gnn,Plain-GNN,7,2022-03-25,43,0,0.02001953125,0.03955078125,0,/mnt/data/_points/causal30_v1/seed_7/plain_gnn/predictions_test.npz
plain_gnn,Plain-GNN,7,2022-04-02,35,0,0.036865234375,0.03955078125,0,/mnt/data/_points/causal30_v1/seed_7/plain_gnn/predictions_test.npz
plain_gnn,Plain-GNN,7,2022-04-10,27,1,0.040771484375,0.03955078125,1,/mnt/data/_points/causal30_v1/seed_7/plain_gnn/predictions_test.npz
plain_gnn,Plain-GNN,7,2022-04-18,19,1,0.040771484375,0.03955078125,1,/mnt/data/_points/causal30_v1/seed_7/plain_gnn/predictions_test.npz
plain_gnn,Plain-GNN,7,2022-04-26,11,1,0.040771484375,0.03955078125,1,/mnt/data/_points/causal30_v1/seed_7/plain_gnn/predictions_test.npz
plain_gnn,Plain-GNN,7,2022-05-04,3,1,0.040771484375,0.03955078125,1,/mnt/data/_points/causal30_v1/seed_7/plain_gnn/predictions_test.npz
plain_gnn,Plain-GNN,21,2022-03-01,67,0,0.0025482177734375,0.5859375,0,/mnt/data/_points/causal30_v1/seed_21/plain_gnn/predictions_test.npz
plain_gnn,Plain-GNN,21,2022-03-09,59,0,0.00262451171875,0.5859375,0,/mnt/data/_points/causal30_v1/seed_21/plain_gnn/predictions_test.npz
plain_gnn,Plain-GNN,21,2022-03-17,51,0,0.002716064453125,0.5859375,0,/mnt/data/_points/causal30_v1/seed_21/plain_gnn/predictions_test.npz
plain_gnn,Plain-GNN,21,2022-03-25,43,0,0.00628662109375,0.5859375,0,/mnt/data/_points/causal30_v1/seed_21/plain_gnn/predictions_test.npz
plain_gnn,Plain-GNN,21,2022-04-02,35,0,0.66796875,0.5859375,1,/mnt/data/_points/causal30_v1/seed_21/plain_gnn/predictions_test.npz
plain_gnn,Plain-GNN,21,2022-04-10,27,1,0.81640625,0.5859375,1,/mnt/data/_points/causal30_v1/seed_21/plain_gnn/predictions_test.npz
plain_gnn,Plain-GNN,21,2022-04-18,19,1,0.81640625,0.5859375,1,/mnt/data/_points/causal30_v1/seed_21/plain_gnn/predictions_test.npz
plain_gnn,Plain-GNN,21,2022-04-26,11,1,0.81640625,0.5859375,1,/mnt/data/_points/causal30_v1/seed_21/plain_gnn/predictions_test.npz
plain_gnn,Plain-GNN,21,2022-05-04,3,1,0.8203125,0.5859375,1,/mnt/data/_points/causal30_v1/seed_21/plain_gnn/predictions_test.npz
plain_gnn,Plain-GNN,42,2022-03-01,67,0,0.002716064453125,0.271484375,0,/mnt/data/_points/causal30_v1/seed_42/plain_gnn/predictions_test.npz
plain_gnn,Plain-GNN,42,2022-03-09,59,0,0.002716064453125,0.271484375,0,/mnt/data/_points/causal30_v1/seed_42/plain_gnn/predictions_test.npz
plain_gnn,Plain-GNN,42,2022-03-17,51,0,0.00262451171875,0.271484375,0,/mnt/data/_points/causal30_v1/seed_42/plain_gnn/predictions_test.npz
plain_gnn,Plain-GNN,42,2022-03-25,43,0,0.00347900390625,0.271484375,0,/mnt/data/_points/causal30_v1/seed_42/plain_gnn/predictions_test.npz
plain_gnn,Plain-GNN,42,2022-04-02,35,0,0.294921875,0.271484375,1,/mnt/data/_points/causal30_v1/seed_42/plain_gnn/predictions_test.npz
plain_gnn,Plain-GNN,42,2022-04-10,27,1,0.498046875,0.271484375,1,/mnt/data/_points/causal30_v1/seed_42/plain_gnn/predictions_test.npz
plain_gnn,Plain-GNN,42,2022-04-18,19,1,0.5,0.271484375,1,/mnt/data/_points/causal30_v1/seed_42/plain_gnn/predictions_test.npz
plain_gnn,Plain-GNN,42,2022-04-26,11,1,0.5,0.271484375,1,/mnt/data/_points/causal30_v1/seed_42/plain_gnn/predictions_test.npz
plain_gnn,Plain-GNN,42,2022-05-04,3,1,0.51953125,0.271484375,1,/mnt/data/_points/causal30_v1/seed_42/plain_gnn/predictions_test.npz
plain_gnn,Plain-GNN,84,2022-03-01,67,0,0.166015625,0.2109375,0,/mnt/data/_points/causal30_v1/seed_84/plain_gnn/predictions_test.npz
plain_gnn,Plain-GNN,84,2022-03-09,59,0,0.166015625,0.2109375,0,/mnt/data/_points/causal30_v1/seed_84/plain_gnn/predictions_test.npz
plain_gnn,Plain-GNN,84,2022-03-17,51,0,0.1904296875,0.2109375,0,/mnt/data/_points/causal30_v1/seed_84/plain_gnn/predictions_test.npz
plain_gnn,Plain-GNN,84,2022-03-25,43,0,0.21484375,0.2109375,1,/mnt/data/_points/causal30_v1/seed_84/plain_gnn/predictions_test.npz
plain_gnn,Plain-GNN,84,2022-04-02,35,0,0.248046875,0.2109375,1,/mnt/data/_points/causal30_v1/seed_84/plain_gnn/predictions_test.npz
plain_gnn,Plain-GNN,84,2022-04-10,27,1,0.255859375,0.2109375,1,/mnt/data/_points/causal30_v1/seed_84/plain_gnn/predictions_test.npz
plain_gnn,Plain-GNN,84,2022-04-18,19,1,0.255859375,0.2109375,1,/mnt/data/_points/causal30_v1/seed_84/plain_gnn/predictions_test.npz
plain_gnn,Plain-GNN,84,2022-04-26,11,1,0.255859375,0.2109375,1,/mnt/data/_points/causal30_v1/seed_84/plain_gnn/predictions_test.npz
plain_gnn,Plain-GNN,84,2022-05-04,3,1,0.255859375,0.2109375,1,/mnt/data/_points/causal30_v1/seed_84/plain_gnn/predictions_test.npz
plain_gnn,Plain-GNN,123,2022-03-01,67,0,1.0,0.5,1,/mnt/data/_points/causal30_v1/seed_123/plain_gnn/predictions_test.npz
plain_gnn,Plain-GNN,123,2022-03-09,59,0,1.0,0.5,1,/mnt/data/_points/causal30_v1/seed_123/plain_gnn/predictions_test.npz
plain_gnn,Plain-GNN,123,2022-03-17,51,0,1.0,0.5,1,/mnt/data/_points/causal30_v1/seed_123/plain_gnn/predictions_test.npz
plain_gnn,Plain-GNN,123,2022-03-25,43,0,1.0,0.5,1,/mnt/data/_points/causal30_v1/seed_123/plain_gnn/predictions_test.npz
plain_gnn,Plain-GNN,123,2022-04-02,35,0,1.0,0.5,1,/mnt/data/_points/causal30_v1/seed_123/plain_gnn/predictions_test.npz
plain_gnn,Plain-GNN,123,2022-04-10,27,1,1.0,0.5,1,/mnt/data/_points/causal30_v1/seed_123/plain_gnn/predictions_test.npz
plain_gnn,Plain-GNN,123,2022-04-18,19,1,1.0,0.5,1,/mnt/data/_points/causal30_v1/seed_123/plain_gnn/predictions_test.npz
plain_gnn,Plain-GNN,123,2022-04-26,11,1,1.0,0.5,1,/mnt/data/_points/causal30_v1/seed_123/plain_gnn/predictions_test.npz
plain_gnn,Plain-GNN,123,2022-05-04,3,1,1.0,0.5,1,/mnt/data/_points/causal30_v1/seed_123/plain_gnn/predictions_test.npz
temporal_gru,Temporal-GRU,7,2022-03-01,67,0,0.06298828125,0.06005859375,1,/mnt/data/_points/causal30_v1/seed_7/temporal_gru/predictions_test.npz
temporal_gru,Temporal-GRU,7,2022-03-09,59,0,0.06298828125,0.06005859375,1,/mnt/data/_points/causal30_v1/seed_7/temporal_gru/predictions_test.npz
temporal_gru,Temporal-GRU,7,2022-03-17,51,0,0.06298828125,0.06005859375,1,/mnt/data/_points/causal30_v1/seed_7/temporal_gru/predictions_test.npz
temporal_gru,Temporal-GRU,7,2022-03-25,43,0,0.06298828125,0.06005859375,1,/mnt/data/_points/causal30_v1/seed_7/temporal_gru/predictions_test.npz
temporal_gru,Temporal-GRU,7,2022-04-02,35,0,0.06298828125,0.06005859375,1,/mnt/data/_points/causal30_v1/seed_7/temporal_gru/predictions_test.npz
temporal_gru,Temporal-GRU,7,2022-04-10,27,1,0.06298828125,0.06005859375,1,/mnt/data/_points/causal30_v1/seed_7/temporal_gru/predictions_test.npz
temporal_gru,Temporal-GRU,7,2022-04-18,19,1,0.06298828125,0.06005859375,1,/mnt/data/_points/causal30_v1/seed_7/temporal_gru/predictions_test.npz
temporal_gru,Temporal-GRU,7,2022-04-26,11,1,0.06298828125,0.06005859375,1,/mnt/data/_points/causal30_v1/seed_7/temporal_gru/predictions_test.npz
temporal_gru,Temporal-GRU,7,2022-05-04,3,1,0.06298828125,0.06005859375,1,/mnt/data/_points/causal30_v1/seed_7/temporal_gru/predictions_test.npz
temporal_gru,Temporal-GRU,21,2022-03-01,67,0,0.042724609375,0.040771484375,1,/mnt/data/_points/causal30_v1/seed_21/temporal_gru/predictions_test.npz
temporal_gru,Temporal-GRU,21,2022-03-09,59,0,0.042724609375,0.040771484375,1,/mnt/data/_points/causal30_v1/seed_21/temporal_gru/predictions_test.npz
temporal_gru,Temporal-GRU,21,2022-03-17,51,0,0.042724609375,0.040771484375,1,/mnt/data/_points/causal30_v1/seed_21/temporal_gru/predictions_test.npz
temporal_gru,Temporal-GRU,21,2022-03-25,43,0,0.042724609375,0.040771484375,1,/mnt/data/_points/causal30_v1/seed_21/temporal_gru/predictions_test.npz
temporal_gru,Temporal-GRU,21,2022-04-02,35,0,0.042724609375,0.040771484375,1,/mnt/data/_points/causal30_v1/seed_21/temporal_gru/predictions_test.npz
temporal_gru,Temporal-GRU,21,2022-04-10,27,1,0.042724609375,0.040771484375,1,/mnt/data/_points/causal30_v1/seed_21/temporal_gru/predictions_test.npz
temporal_gru,Temporal-GRU,21,2022-04-18,19,1,0.042724609375,0.040771484375,1,/mnt/data/_points/causal30_v1/seed_21/temporal_gru/predictions_test.npz
temporal_gru,Temporal-GRU,21,2022-04-26,11,1,0.042724609375,0.040771484375,1,/mnt/data/_points/causal30_v1/seed_21/temporal_gru/predictions_test.npz
temporal_gru,Temporal-GRU,21,2022-05-04,3,1,0.042724609375,0.040771484375,1,/mnt/data/_points/causal30_v1/seed_21/temporal_gru/predictions_test.npz
temporal_gru,Temporal-GRU,42,2022-03-01,67,0,0.0654296875,0.06640625,0,/mnt/data/_points/causal30_v1/seed_42/temporal_gru/predictions_test.npz
temporal_gru,Temporal-GRU,42,2022-03-09,59,0,0.0654296875,0.06640625,0,/mnt/data/_points/causal30_v1/seed_42/temporal_gru/predictions_test.npz
temporal_gru,Temporal-GRU,42,2022-03-17,51,0,0.0654296875,0.06640625,0,/mnt/data/_points/causal30_v1/seed_42/temporal_gru/predictions_test.npz
temporal_gru,Temporal-GRU,42,2022-03-25,43,0,0.0654296875,0.06640625,0,/mnt/data/_points/causal30_v1/seed_42/temporal_gru/predictions_test.npz
temporal_gru,Temporal-GRU,42,2022-04-02,35,0,0.0654296875,0.06640625,0,/mnt/data/_points/causal30_v1/seed_42/temporal_gru/predictions_test.npz
temporal_gru,Temporal-GRU,42,2022-04-10,27,1,0.0654296875,0.06640625,0,/mnt/data/_points/causal30_v1/seed_42/temporal_gru/predictions_test.npz
temporal_gru,Temporal-GRU,42,2022-04-18,19,1,0.0654296875,0.06640625,0,/mnt/data/_points/causal30_v1/seed_42/temporal_gru/predictions_test.npz
temporal_gru,Temporal-GRU,42,2022-04-26,11,1,0.0654296875,0.06640625,0,/mnt/data/_points/causal30_v1/seed_42/temporal_gru/predictions_test.npz
temporal_gru,Temporal-GRU,42,2022-05-04,3,1,0.0654296875,0.06640625,0,/mnt/data/_points/causal30_v1/seed_42/temporal_gru/predictions_test.npz
temporal_gru,Temporal-GRU,84,2022-03-01,67,0,0.07470703125,0.07080078125,1,/mnt/data/_points/causal30_v1/seed_84/temporal_gru/predictions_test.npz
temporal_gru,Temporal-GRU,84,2022-03-09,59,0,0.07470703125,0.07080078125,1,/mnt/data/_points/causal30_v1/seed_84/temporal_gru/predictions_test.npz
temporal_gru,Temporal-GRU,84,2022-03-17,51,0,0.07470703125,0.07080078125,1,/mnt/data/_points/causal30_v1/seed_84/temporal_gru/predictions_test.npz
temporal_gru,Temporal-GRU,84,2022-03-25,43,0,0.07470703125,0.07080078125,1,/mnt/data/_points/causal30_v1/seed_84/temporal_gru/predictions_test.npz
temporal_gru,Temporal-GRU,84,2022-04-02,35,0,0.07470703125,0.07080078125,1,/mnt/data/_points/causal30_v1/seed_84/temporal_gru/predictions_test.npz
temporal_gru,Temporal-GRU,84,2022-04-10,27,1,0.07470703125,0.07080078125,1,/mnt/data/_points/causal30_v1/seed_84/temporal_gru/predictions_test.npz
temporal_gru,Temporal-GRU,84,2022-04-18,19,1,0.07470703125,0.07080078125,1,/mnt/data/_points/causal30_v1/seed_84/temporal_gru/predictions_test.npz
temporal_gru,Temporal-GRU,84,2022-04-26,11,1,0.07470703125,0.07080078125,1,/mnt/data/_points/causal30_v1/seed_84/temporal_gru/predictions_test.npz
temporal_gru,Temporal-GRU,84,2022-05-04,3,1,0.07470703125,0.07080078125,1,/mnt/data/_points/causal30_v1/seed_84/temporal_gru/predictions_test.npz
temporal_gru,Temporal-GRU,123,2022-03-01,67,0,0.053466796875,0.052734375,1,/mnt/data/_points/causal30_v1/seed_123/temporal_gru/predictions_test.npz
temporal_gru,Temporal-GRU,123,2022-03-09,59,0,0.053466796875,0.052734375,1,/mnt/data/_points/causal30_v1/seed_123/temporal_gru/predictions_test.npz
temporal_gru,Temporal-GRU,123,2022-03-17,51,0,0.053466796875,0.052734375,1,/mnt/data/_points/causal30_v1/seed_123/temporal_gru/predictions_test.npz
temporal_gru,Temporal-GRU,123,2022-03-25,43,0,0.053466796875,0.052734375,1,/mnt/data/_points/causal30_v1/seed_123/temporal_gru/predictions_test.npz
temporal_gru,Temporal-GRU,123,2022-04-02,35,0,0.053466796875,0.052734375,1,/mnt/data/_points/causal30_v1/seed_123/temporal_gru/predictions_test.npz
temporal_gru,Temporal-GRU,123,2022-04-10,27,1,0.053466796875,0.052734375,1,/mnt/data/_points/causal30_v1/seed_123/temporal_gru/predictions_test.npz
temporal_gru,Temporal-GRU,123,2022-04-18,19,1,0.053466796875,0.052734375,1,/mnt/data/_points/causal30_v1/seed_123/temporal_gru/predictions_test.npz
temporal_gru,Temporal-GRU,123,2022-04-26,11,1,0.053466796875,0.052734375,1,/mnt/data/_points/causal30_v1/seed_123/temporal_gru/predictions_test.npz
temporal_gru,Temporal-GRU,123,2022-05-04,3,1,0.053466796875,0.052734375,1,/mnt/data/_points/causal30_v1/seed_123/temporal_gru/predictions_test.npz
